Employee ID,Name,Email,Department,Location
SB-0001,Arun Prakash,arun.prakash@example.com,ServiceNow,Chennai
SB-0002,Priya Nair,priya.nair@example.com,Salesforce,Coimbatore
SB-0003,Karthik Raj,karthik.raj@example.com,ServiceNow,Madurai
SB-0004,Ajay Kumar,ajay.kumar@example.com,Salesforce,Chennai
SB-0005,Divya Ramesh,divya.ramesh@example.com,ServiceNow,Tiruchirappalli
SB-0006,Vignesh Kumar,vignesh.kumar@example.com,Salesforce,Salem
SB-0007,Sneha Menon,sneha.menon@example.com,ServiceNow,Coimbatore
SB-0008,Rohit Sharma,rohit.sharma@example.com,Salesforce,Bengaluru
SB-0009,Meena Krishnan,meena.krishnan@example.com,ServiceNow,Chennai
SB-0010,Ravi Teja,ravi.teja@example.com,Salesforce,Hyderabad
SB-0011,Nandhini Suresh,nandhini.suresh@example.com,ServiceNow,Madurai
SB-0012,Surya Prasad,surya.prasad@example.com,Salesforce,Tirunelveli
SB-0013,Ananya Rao,ananya.rao@example.com,ServiceNow,Bengaluru
SB-0014,Sathish Kumar,sathish.kumar@example.com,Salesforce,Erode
SB-0015,Lakshmi Priya,lakshmi.priya@example.com,ServiceNow,Thanjavur
